Gender,Married,Education,Self_Employed,Credit_History,ApplicantIncome,CoapplicantIncome,LoanAmount,Loan_Amount_Term,Dependents,Property_Area,Loan_Status
1,1,0,1,0.0,0.25664499945800917,0.6505092417955488,0.626596550846009,0.007367905495194516,0.3218778051498301,0.0,0
1,1,1,0,1.0,0.2009674137600433,0.3053564692568842,0.3750405429948992,1.0,1.0,0.0,1
1,1,1,1,0.0,0.2681951369166297,0.0,0.39469335610826717,1.0,1.0,1.0000000000000004,0
1,1,1,0,1.0,0.0001782684394397102,0.0,0.0024092297870610922,0.007367905495194516,0.3218778051498301,0.34763234377955765,1
1,1,1,0,1.0,0.30037757120304265,0.1942663145982648,0.3711099803722256,1.0,0.0,0.34763234377955765,1
1,0,0,0,1.0,0.26730666480442816,0.0,0.21388747546528203,0.007367905495194516,0.3218778051498301,0.34763234377955765,1
1,0,0,0,1.0,0.3774772067174244,0.0,0.4104156065989615,1.0,0.3218778051498301,0.0,1
1,1,0,0,0.0,0.17678122848344463,0.5533760844964164,0.34359604201351046,1.0,0.3218778051498301,0.34763234377955765,0
1,1,0,0,1.0,0.448653694817129,0.23179932101093925,0.5990826124872939,1.0,0.0,0.34763234377955765,1
1,1,1,0,0.0,0.3288086787934933,0.32251980384760465,0.5676381115059052,1.0,1.0,0.0,0
1,1,1,0,1.0,0.7631728225364892,0.0,0.4811657338070861,0.007367905495194516,0.07645191797817574,0.34763234377955765,1
1,0,0,0,1.0,0.3540807744294494,0.0,0.3711099803722256,0.008168889902599907,0.0,0.34763234377955765,1
1,1,0,0,1.0,0.3221944975137704,0.34326669181440966,0.2964292905414274,1.0,1.0,0.34763234377955765,1
1,0,0,0,1.0,0.3690860812132984,0.31459826480573366,0.4104156065989615,1.0,0.3218778051498301,1.0000000000000004,1
1,0,1,1,1.0,0.6985117965929296,0.0,0.3082209784094482,1.0,0.3218778051498301,1.0000000000000004,1
1,1,1,0,1.0,0.5109454617948177,0.0,0.587290924619273,1.0,1.0,1.0000000000000004,1
1,1,0,0,1.0,0.42239440794539335,0.6154281403244058,0.5008185469204541,0.007367905495194516,1.0,0.34763234377955765,1
0,0,1,0,1.0,0.49268242393289635,0.0,0.4968879842977804,1.0,0.3218778051498301,0.0,1
1,0,1,0,1.0,0.42890987010153825,0.0,0.5126102347884749,1.0,1.0,0.0,1
1,0,1,0,1.0,0.3692835194604543,0.895888344021124,0.6698327396954185,1.0,0.3218778051498301,0.34763234377955765,0
0,1,0,1,1.0,0.704138786636873,0.0,0.5204713600338221,1.0,0.3218778051498301,0.0,1
1,1,1,0,1.0,0.5643525076504906,0.8666540927951716,0.9921388747546527,1.0,0.3218778051498301,1.0000000000000004,0
1,0,0,0,0.0,0.31498800149257977,0.4251225952470766,0.47330460856173895,0.007367905495194516,0.3218778051498301,0.34763234377955765,0
1,1,0,1,1.0,0.18418516275179117,0.3536401357978121,0.35931829250420483,1.0,1.0,1.0000000000000004,1
1,1,1,0,1.0,0.33137537600652006,0.41493775933609955,0.5086796721658012,1.0,0.3218778051498301,0.0,0
1,1,1,0,0.0,0.8184555317401433,0.0,0.5754992367512523,0.008790858371720608,0.0,1.0000000000000004,0
1,1,0,0,1.0,0.22011892373416628,0.4760467748019615,0.4811657338070861,1.0,0.0,0.34763234377955765,1
1,0,1,0,1.0,0.1979071209291267,0.36382497170878914,0.2689153521827123,1.0,0.3218778051498301,0.34763234377955765,1
1,0,1,0,0.0,0.4850810514173939,0.0,0.6305271134686825,1.0,1.0,1.0000000000000004,1
1,0,0,0,1.0,0.3542782126766053,0.24273858921161826,0.3711099803722256,1.0,0.3218778051498301,0.0,0
1,1,1,0,1.0,0.42170337408034764,0.0,0.3711099803722256,1.0,0.07645191797817574,0.34763234377955765,1
0,1,1,0,1.0,0.42190081232750354,0.44945303658996605,0.4772351711844125,1.0,1.0,1.0000000000000004,1
1,1,1,0,1.0,0.3660257883823818,0.551678611844587,0.5715686741285787,1.0,0.0,1.0000000000000004,0
1,0,1,0,1.0,0.00012710281057181695,0.0,0.5754992367512523,1.0,0.0,1.0000000000000004,1
1,1,1,0,0.0,0.30403017877542693,0.24141833270463975,0.453651795448371,1.0,0.0,1.0000000000000004,0
1,1,0,0,0.0,0.3468742784082588,0.6092040739343644,0.5754992367512523,1.0,0.3218778051498301,0.0,0
1,1,1,0,1.0,0.3939633003549427,0.0016890941430180142,0.00035307048515537814,1.0,0.07645191797817574,1.0000000000000004,0
1,1,0,0,1.0,0.1830005332688557,0.1963410033949453,0.36324885512687843,1.0,0.3218778051498301,1.0000000000000004,1
1,1,1,0,1.0,0.5625755634260875,0.0016286597489720488,0.713068928544828,1.0,0.3218778051498301,1.0000000000000004,1
0,0,0,1,1.0,5.497479424183263e-05,0.0,0.46937404593906534,1.0,0.3218778051498301,0.34763234377955765,1
1,1,1,0,1.0,0.30541224650551824,0.24519049415314975,0.2924987279187538,1.0,0.3218778051498301,0.34763234377955765,1
1,0,1,0,1.0,0.31785085607634045,0.5165975103734439,0.4104156065989615,1.0,0.3218778051498301,0.34763234377955765,1
1,1,0,0,0.0,0.2842863540598362,0.0,0.15492903612517822,0.007367905495194516,1.0,0.34763234377955765,0
1,0,1,0,1.0,0.576494959850579,0.0,0.4811657338070861,1.0,0.3218778051498301,0.34763234377955765,1
1,1,1,1,1.0,0.24381151339287516,0.5682761222180309,0.7169994911675015,1.0,0.3218778051498301,0.34763234377955765,1
0,0,1,0,1.0,0.2830030054533228,0.2942285929837797,0.3318043541454897,1.0,0.0,0.34763234377955765,1
1,0,1,0,1.0,0.2917890074517607,0.0016311905449778608,0.587290924619273,0.004325050114511051,0.3218778051498301,0.34763234377955765,1
1,1,1,0,1.0,0.15950538185730276,0.3400603545831762,0.3553877298815313,1.0,0.0,0.34763234377955765,1
1,1,1,0,1.0,0.20935853926416934,0.00166067998163298,0.2531931016920179,0.007367905495194516,0.3218778051498301,1.0000000000000004,0
1,1,1,0,1.0,0.5838001749953475,0.3874009807619766,0.807402431488994,1.0,0.3218778051498301,0.0,1
1,1,1,0,1.0,0.4350304557633714,0.23576009053187477,0.4104156065989615,1.0,0.07645191797817574,0.34763234377955765,1
1,1,1,0,1.0,0.3109405174258837,0.0869483213881554,0.4025544813536143,0.005253267399639049,1.0,0.34763234377955765,1
1,1,1,0,1.0,0.34124728836431545,0.6465484722746133,0.5676381115059052,1.0,0.07645191797817574,0.0,1
1,1,1,0,1.0,0.36503859714660225,0.5971331572991324,0.69341611543146,1.0,0.3218778051498301,0.0,1
1,1,1,0,1.0,0.5420419857218731,0.23764617125612975,0.6462493639593769,1.0,0.0,0.0,1
0,0,1,0,1.0,0.29475058115909925,0.0,0.21388747546528203,1.0,0.3218778051498301,0.34763234377955765,1
0,1,1,0,1.0,0.33631133218541776,0.5311203319502075,0.42220729446698224,1.0,0.3218778051498301,1.0000000000000004,1
0,0,1,0,1.0,0.3037340214046931,0.0,0.44972123282569737,1.0,0.3218778051498301,1.0000000000000004,1
1,0,0,1,1.0,0.27244005923048176,0.2908336476801207,0.7248606164128487,1.0,0.0,1.0000000000000004,0
1,0,1,0,0.0,0.4844887366759262,0.0,0.4890268590524333,1.0,0.3218778051498301,0.0,1
1,1,0,0,0.0,0.22702926238462304,0.23670313089400227,0.46937404593906534,1.0,1.0,0.0,0
1,1,0,0,1.0,0.38576961309797253,0.0,0.46544348331639174,1.0,1.0,1.0000000000000004,1
1,1,0,0,1.0,0.26177839388406277,0.0016726012284992518,0.0002016115057134997,0.007367905495194516,0.0,1.0000000000000004,1
1,1,0,0,1.0,0.45832816892776845,0.0,0.4104156065989615,1.0,1.0,0.0,1
1,1,1,0,1.0,4.647300474628171e-05,0.0,0.00014505567209681033,1.0,1.0,0.34763234377955765,1
1,0,1,0,0.0,0.6193390594834108,0.8328932478310072,0.7995413062436468,1.0,0.3218778051498301,0.0,0
1,1,1,0,1.0,0.42683676850640123,0.4622783855149,0.4104156065989615,1.0,0.3218778051498301,0.34763234377955765,0
1,1,1,1,1.0,0.20471874045600552,0.7700867597133157,0.606943737732641,1.0,0.3218778051498301,1.0000000000000004,1
1,1,1,0,1.0,0.17273374441674855,0.6678611844586948,0.49295742167510687,1.0,0.3218778051498301,1.0000000000000004,1
1,1,1,0,1.0,0.6160813284053384,0.0,0.4811657338070861,1.0,0.3218778051498301,1.0000000000000004,1
1,1,1,1,1.0,0.9862780418226645,0.0,0.587290924619273,1.0,0.0,0.0,0
1,1,1,0,0.0,0.3117302704145073,0.7544322897019993,0.6855549901861128,0.008790858371720608,0.07645191797817574,1.0000000000000004,0
1,1,1,0,1.0,0.31992395767147747,0.0,0.6462493639593769,1.0,0.3218778051498301,0.0,0
1,0,1,0,1.0,0.33650877043257366,0.0,0.4772351711844125,1.0,0.3218778051498301,1.0000000000000004,0
1,1,1,0,1.0,3.528363779449451e-05,0.0,0.3553877298815313,1.0,0.3218778051498301,1.0000000000000004,1
1,0,0,0,1.0,0.28803768075579844,0.45360241418332703,0.4143461692216351,1.0,0.3218778051498301,1.0000000000000004,1
1,0,1,0,1.0,0.3132110572681766,0.550169747265183,0.6108743003553146,1.0,0.3218778051498301,0.34763234377955765,1
1,1,1,0,0.0,0.2742170034548849,0.36156167483968316,0.5519158610152107,1.0,0.0,0.0,0
0,0,0,1,1.0,4.994719645250113e-05,0.0,0.8624303082064243,1.0,0.3218778051498301,1.0000000000000004,1
1,1,0,0,1.0,0.21547912492600246,0.3285552621652207,0.15492903612517822,1.0,1.0,1.0000000000000004,1
1,1,1,1,1.0,0.6160813284053384,0.24519049415314975,0.4025544813536143,1.0,1.0,0.0,1
1,1,1,0,1.0,0.3263407007040444,0.0,0.3553877298815313,1.0,0.0,1.0000000000000004,1
1,1,0,0,0.0,0.4684962386562977,0.0,0.3514571672588577,1.0,0.07645191797817574,1.0000000000000004,0
1,1,1,1,1.0,0.1570374037678539,0.001867887127741639,0.9174581849238546,1.0,1.0,0.34763234377955765,0
1,1,1,0,1.0,0.12732294757088986,0.2048283666540928,0.04487328269031772,0.006241249100011211,1.0,0.34763234377955765,1
0,1,1,0,0.0,0.2601988879068155,0.6488117691437193,0.44972123282569737,1.0,0.3218778051498301,0.34763234377955765,0
1,1,1,0,1.0,0.38004390393045123,0.0,0.3553877298815313,1.0,1.0,1.0000000000000004,1
1,1,1,0,0.0,0.3888299059288891,0.3268577895133912,0.5637075488832315,1.0,0.3218778051498301,0.0,0
0,1,1,0,1.0,3.519071942471332e-05,0.0,0.2531931016920179,1.0,1.0,0.34763234377955765,1
0,0,1,0,1.0,0.26237070862553047,0.3064881176914372,0.3082209784094482,1.0,0.3218778051498301,0.34763234377955765,1
1,1,1,0,1.0,0.5849848044782829,0.0,0.5008185469204541,1.0,1.0,1.0000000000000004,1
1,1,1,0,0.0,0.30383274052827103,0.41682384006035456,0.5126102347884749,1.0,0.3218778051498301,1.0000000000000004,0
1,1,1,0,1.0,0.3347318262081705,0.47152018106374954,0.6580410518273977,1.0,0.0,1.0000000000000004,1
1,1,1,1,1.0,0.59140154751085,0.0,0.7838190557529525,0.008168889902599907,1.0,1.0000000000000004,0
1,1,1,0,1.0,0.22939852135049393,0.45586571105243306,0.5126102347884749,1.0,0.3218778051498301,0.34763234377955765,1
1,1,1,0,1.0,0.29109797358671496,0.5469634100339494,0.49295742167510687,1.0,0.3218778051498301,1.0000000000000004,1
1,1,0,0,1.0,0.22150099146425764,0.3834402112410411,0.4104156065989615,1.0,0.3218778051498301,0.0,1
1,0,1,0,1.0,0.27875808313947076,0.0,0.2571236643146915,1.0,0.3218778051498301,0.34763234377955765,1
1,1,1,0,1.0,0.6242750156623085,0.8643907959260656,0.9960694373773264,1.0,0.3218778051498301,1.0000000000000004,1
1,1,1,0,1.0,0.6777807806415593,0.0,0.7641662426395845,1.0,0.0,1.0000000000000004,1
1,0,1,0,1.0,0.36197830431568573,0.8112033195020747,0.654110489204724,1.0,0.3218778051498301,0.0,1
1,1,1,1,1.0,0.34124728836431545,0.22821576763485477,0.4890268590524333,1.0,0.0,0.0,1
1,1,1,0,1.0,0.41044939399246094,0.2729158807996982,0.5990826124872939,1.0,1.0,0.0,1
1,1,1,0,1.0,0.2577309098173666,0.4192757450018861,0.5676381115059052,1.0,0.3218778051498301,1.0000000000000004,1
1,1,1,0,1.0,0.5312816012518762,0.0,0.4890268590524333,1.0,1.0,0.34763234377955765,1
1,1,1,0,1.0,0.30264811104533557,0.4556771029800075,0.5244019226564957,1.0,0.3218778051498301,0.0,1
1,1,0,0,0.0,0.16375030417115477,0.7336854017351943,0.7680968052622582,1.0,0.3218778051498301,1.0000000000000004,0
1,0,1,0,1.0,0.9039462927586511,0.0,0.9371109980372225,1.0,0.3218778051498301,0.34763234377955765,0
1,1,0,0,1.0,0.25575652734580756,0.47152018106374954,0.3318043541454897,1.0,0.0,1.0000000000000004,1
1,1,1,0,1.0,0.4793553422498726,0.001628626221628182,0.7956107436209733,1.0,1.0,1.0000000000000004,1
1,0,1,0,1.0,0.5452009976763676,0.8766503206337232,0.6148048629779882,1.0,1.0,0.0,1
1,1,0,0,1.0,0.22426512692444034,0.0,0.42220729446698224,1.0,1.0,0.0,0
1,1,0,0,1.0,0.3353241409496382,0.8330818559034326,0.46151292069371813,1.0,0.3218778051498301,1.0000000000000004,1
1,1,1,0,1.0,0.2458846149880122,0.3994718973972086,0.38683223086291996,1.0,0.3218778051498301,1.0000000000000004,1
1,1,0,0,0.0,0.25575652734580756,0.3604300264051301,0.43399898233500306,1.0,0.3218778051498301,1.0000000000000004,0
1,1,1,0,1.0,0.32318168874954994,0.3838174273858921,0.5597769862605579,1.0,1.0,0.34763234377955765,1
1,1,0,0,1.0,0.3446037385659659,0.2042625424368163,0.5086796721658012,1.0,0.0,0.34763234377955765,1
1,0,1,0,1.0,0.8217132628182158,0.7072802715956242,0.713068928544828,1.0,0.3218778051498301,0.0,1
0,0,1,0,1.0,0.36355781029293294,0.0,0.34359604201351046,1.0,0.3218778051498301,0.0,1
1,1,0,0,1.0,0.28290428632974485,0.33006412674462465,0.39076279348559356,1.0,0.3218778051498301,1.0000000000000004,1
1,0,0,0,1.0,0.39149532226549383,0.47736703130894004,0.1942346623519141,1.0,0.3218778051498301,0.0,1
1,1,1,0,1.0,0.5567511351349882,0.0,0.15099847350250462,1.0,0.0,0.34763234377955765,1
1,1,1,0,1.0,0.3455909298017454,0.8328932478310072,0.9331804354145489,1.0,1.0,0.0,1
1,1,1,0,1.0,6.850272516277555e-05,0.0016607082693079374,0.0023283511593375807,1.0,0.3218778051498301,0.34763234377955765,1
1,1,1,0,1.0,0.013894674579821128,0.33949453036589966,0.5086796721658012,1.0,0.3218778051498301,0.0,0
0,0,1,0,0.0,0.21004957312921502,0.0017168741066901074,0.5165407974111484,1.0,0.3218778051498301,1.0000000000000004,1
1,1,1,0,1.0,0.5735333861432403,0.9430403621274991,0.44972123282569737,1.0,1.0,0.0,1
1,1,1,0,1.0,0.24321919865140745,0.34760467748019613,0.6030131751099674,1.0,0.3218778051498301,0.0,0
1,0,1,0,1.0,0.18823264681848725,0.9549226706903056,0.24140141382399716,1.0,0.3218778051498301,0.0,0
1,1,0,0,1.0,0.5255558920843548,0.21331572991324027,0.7091383659221543,1.0,0.0,0.34763234377955765,1
0,1,1,0,1.0,0.32742661106340193,0.17219917012448133,0.39076279348559356,0.005253267399639049,0.0,1.0000000000000004,1
1,1,1,0,1.0,0.59140154751085,0.0,0.606943737732641,1.0,0.0,0.0,1
1,1,1,1,1.0,0.9428416274483649,0.0,0.7287911790355223,1.0,0.3218778051498301,1.0000000000000004,1
1,1,1,0,1.0,0.3840913879971473,0.0,0.3318043541454897,1.0,1.0,1.0000000000000004,1
1,1,1,0,1.0,0.29672496363065837,0.4126744624669936,0.5794297993739259,1.0,0.3218778051498301,0.0,1
1,1,1,0,1.0,0.2900120632273575,0.3023387400980762,0.4811657338070861,1.0,1.0,0.34763234377955765,0
1,1,1,0,1.0,0.19425451335674243,0.18804224820822332,0.17458184923854614,1.0,0.3218778051498301,1.0000000000000004,1
1,1,1,0,0.0,0.49268242393289635,0.0,0.26105422693736513,1.0,1.0,1.0000000000000004,0
1,1,1,0,1.0,0.46217821474730864,0.0,0.3711099803722256,1.0,0.07645191797817574,1.0000000000000004,1
1,1,1,0,1.0,0.39485177246714426,0.3238400603545832,0.43399898233500306,1.0,1.0,1.0000000000000004,1
1,0,0,0,1.0,0.19652505319903538,0.0,0.4811657338070861,1.0,0.3218778051498301,0.34763234377955765,0
1,1,1,1,1.0,0.2848786688013039,0.0,0.3514571672588577,1.0,0.0,1.0000000000000004,1
1,1,1,1,1.0,5.129319356119246e-05,0.0,0.0016133588527851399,1.0,1.0,0.0,1
1,1,1,0,1.0,0.2343344775293916,0.40324405884571857,0.20602635021993487,1.0,0.3218778051498301,0.0,1
1,1,1,0,1.0,0.393272266489897,0.6175028291210863,0.7916801809982997,1.0,0.3218778051498301,1.0000000000000004,1
1,0,1,0,1.0,0.59140154751085,0.0,0.5283324852791692,1.0,0.3218778051498301,0.0,1
1,1,1,0,1.0,0.4547742804789621,0.0,0.5047491095431277,1.0,1.0,0.34763234377955765,0
0,0,1,0,1.0,0.1778671388428021,0.3142210486608827,0.1903040997292405,1.0,0.3218778051498301,0.34763234377955765,1
1,1,1,1,1.0,4.647892759755538e-05,0.42436816295737456,0.31608210365479533,1.0,0.0,1.0000000000000004,1
1,1,1,0,0.0,0.00020255097806441192,0.0,0.001200321697376279,1.0,0.07645191797817574,0.0,0
0,1,1,0,1.0,1.4049623051156485e-05,0.0,0.0024569700009461556,1.0,0.0,1.0000000000000004,1
1,1,1,0,1.0,0.7967373245529935,0.42436816295737456,0.6855549901861128,1.0,0.0,0.34763234377955765,1
1,1,0,1,1.0,0.4665218561847386,0.0,0.5204713600338221,1.0,0.3218778051498301,0.34763234377955765,0
0,0,1,0,1.0,0.34865122263266196,0.0,0.4182767318443087,1.0,0.0,1.0000000000000004,1
1,1,1,0,0.0,0.17954536394362733,0.25084873632591476,0.3711099803722256,1.0,0.3218778051498301,0.34763234377955765,0
1,1,1,0,1.0,0.45151654940088964,0.2844209732176537,0.4811657338070861,1.0,0.0,0.0,0
1,1,1,0,1.0,0.5995952347678201,0.8015843078083742,0.0008593077234513927,1.0,0.0,0.34763234377955765,1
1,1,1,0,1.0,0.410350674868883,0.6354205960015089,0.7680968052622582,1.0,0.0,0.34763234377955765,0
1,1,1,0,1.0,0.2981070313607497,0.0,0.36717941774955204,1.0,0.07645191797817574,0.34763234377955765,1
1,0,1,0,1.0,0.18201334203307618,0.5356469256884194,0.42613785708965585,1.0,0.3218778051498301,0.0,0
1,1,1,0,1.0,0.30758406722423326,0.487174651075066,0.6462493639593769,1.0,0.0,1.0000000000000004,0
1,1,1,0,1.0,0.5663268901220497,0.0,0.980347186886632,1.0,0.3218778051498301,0.34763234377955765,0
1,1,0,0,1.0,0.34677555928468085,0.0,0.2964292905414274,0.007367905495194516,0.07645191797817574,0.0,0
1,0,1,0,1.0,0.4771835215311576,0.7178423236514523,0.5715686741285787,1.0,0.3218778051498301,1.0000000000000004,1
0,0,1,0,1.0,0.24657564885305785,0.0,0.19816522497458772,1.0,0.3218778051498301,0.0,1
1,1,1,0,1.0,0.2258446329016876,0.2870614862316107,0.38683223086291996,1.0,0.3218778051498301,0.34763234377955765,1
1,0,1,1,1.0,0.4622769338708866,0.0,0.39469335610826717,1.0,0.0,0.0,0
1,1,1,0,1.0,0.3181470134470743,0.3677857412297246,0.4025544813536143,1.0,0.3218778051498301,0.0,1
1,0,1,0,0.0,0.3532910214408258,0.0,0.4104156065989615,1.0,1.0,0.0,0
0,0,1,0,0.0,0.21014829225279297,0.0,0.36717941774955204,1.0,0.3218778051498301,1.0000000000000004,0
1,0,1,0,0.0,3.6069932618091704e-05,0.0,0.9292498727918753,1.0,0.3218778051498301,1.0000000000000004,0
0,1,1,0,1.0,0.1351217583335482,0.35477178423236516,0.6344576760913562,1.0,1.0,0.34763234377955765,0
1,1,1,0,1.0,0.2723413401069038,0.3677857412297246,0.587290924619273,1.0,0.3218778051498301,0.0,1
1,1,1,1,1.0,0.9697919481851462,0.34571859675594113,0.69341611543146,0.007367905495194516,0.0,0.34763234377955765,1
1,1,1,1,1.0,0.5734346670196624,0.4073934364390796,0.7012772406768072,1.0,0.3218778051498301,1.0000000000000004,1
1,1,1,0,1.0,0.2236728121829726,0.3898528857035081,0.4811657338070861,1.0,0.3218778051498301,0.34763234377955765,1
1,1,1,1,1.0,0.34055625449926974,0.0,0.07631778367170643,0.006241249100011211,0.3218778051498301,1.0000000000000004,1
1,1,1,0,1.0,0.5696833403237002,0.0,0.7327217416581959,1.0,1.0,0.34763234377955765,1
1,0,0,0,1.0,0.33058562301789646,0.0,0.2924987279187538,0.0029263178115923874,0.3218778051498301,1.0000000000000004,0
1,1,1,1,1.0,0.5595152705951709,0.2685778951339117,0.3711099803722256,1.0,0.07645191797817574,0.0,1
1,1,1,0,1.0,0.00015834785437917058,0.0,0.003808760690418758,0.008790858371720608,0.07645191797817574,0.34763234377955765,1
1,0,1,0,1.0,0.31084179830230574,0.5758204451150509,0.32787379152281615,1.0,0.3218778051498301,0.0,1
1,1,1,0,1.0,0.6160813284053384,0.3196906827612222,0.8034718688663205,1.0,1.0,1.0000000000000004,1
1,0,0,0,0.0,0.22939852135049393,0.2736703130894002,0.3789711056175728,0.01010230503738541,0.3218778051498301,0.34763234377955765,0
0,0,1,0,1.0,0.33571901744395005,0.0,0.32394322890014254,1.0,0.3218778051498301,0.34763234377955765,1
1,1,1,0,0.0,0.8677163744055422,0.0,0.9921388747546527,1.0,1.0,0.34763234377955765,0
1,1,1,1,1.0,0.00013077110242120694,0.895888344021124,0.44972123282569737,1.0,0.3218778051498301,1.0000000000000004,1
1,1,1,0,1.0,0.42190081232750354,0.5658242172764995,0.654110489204724,0.005253267399639049,0.0,0.0,0
0,0,1,0,1.0,0.2870504895200189,0.0,0.3082209784094482,1.0,0.3218778051498301,1.0000000000000004,1
1,1,1,0,0.0,0.43345094978612414,0.0,0.4772351711844125,1.0,1.0,1.0000000000000004,0
1,0,0,0,1.0,0.23068186995700732,0.3017729158807997,0.4968879842977804,1.0,0.3218778051498301,1.0000000000000004,1
1,0,1,0,1.0,2.1004661191866263e-05,0.0,0.0016620653325746873,1.0,0.3218778051498301,1.0000000000000004,1
1,0,1,0,1.0,0.497618380111794,0.0,0.4418601075803502,1.0,0.3218778051498301,1.0000000000000004,1
1,1,1,0,1.0,0.6325674220428565,0.0,0.5951520498646202,0.007367905495194516,0.07645191797817574,0.0,1
0,1,1,0,1.0,0.31163155129092934,0.0,0.11955397252111592,1.0,0.3218778051498301,1.0000000000000004,1
1,0,1,0,1.0,0.3446037385659659,0.0,0.2964292905414274,0.008790858371720608,0.3218778051498301,1.0000000000000004,1
0,1,1,0,1.0,0.4539845274903385,0.536589966050547,0.5283324852791692,0.007367905495194516,0.0,1.0000000000000004,1
0,0,0,1,1.0,0.38083365691907484,0.0,0.22174860071062924,1.0,0.0,1.0000000000000004,0
1,0,0,1,1.0,0.25407830224498235,0.4087136929460581,0.38683223086291996,1.0,0.3218778051498301,0.0,1
0,0,1,0,1.0,0.25575652734580756,0.0,0.606943737732641,1.0,0.0,0.34763234377955765,0
1,1,1,0,1.0,0.3828080393906339,0.503394945303659,0.6148048629779882,1.0,0.3218778051498301,1.0000000000000004,1
1,0,1,0,0.0,0.34924353737412966,0.0,0.2924987279187538,1.0,1.0,0.0,0
1,1,1,0,1.0,0.5091685175704145,0.5973217653715579,0.7641662426395845,1.0,0.07645191797817574,1.0000000000000004,1
1,1,0,0,0.0,0.29623136801276856,0.5914749151263674,0.4811657338070861,1.0,0.3218778051498301,0.34763234377955765,0
1,1,1,0,1.0,0.3717514975499031,0.0,0.4104156065989615,1.0,0.3218778051498301,1.0000000000000004,1
0,0,1,0,1.0,0.3193316429300097,0.0,0.2924987279187538,1.0,0.3218778051498301,0.34763234377955765,1
1,1,1,0,1.0,0.31034820268441593,0.2942285929837797,0.5047491095431277,1.0,1.0,0.34763234377955765,1
1,1,0,1,1.0,0.6292109718412061,0.18860807242549982,0.713068928544828,1.0,1.0,0.0,0
1,1,1,1,1.0,0.5663268901220497,0.0,0.5440547357698636,0.005253267399639049,1.0,0.0,1
1,1,1,0,1.0,0.3157777544812034,0.5782723500565824,0.654110489204724,1.0,0.3218778051498301,0.34763234377955765,1
0,0,1,0,1.0,0.3109405174258837,0.0,0.3711099803722256,1.0,0.3218778051498301,1.0000000000000004,1
1,1,1,0,1.0,0.2835953201947905,0.34760467748019613,0.46151292069371813,0.01010230503738541,0.0,1.0000000000000004,1
1,1,0,0,0.0,0.755275292650253,0.0,0.38683223086291996,1.0,0.3218778051498301,0.34763234377955765,0
1,0,1,0,1.0,0.30205579630386786,0.0,0.2571236643146915,0.01010230503738541,0.3218778051498301,0.34763234377955765,0
0,1,1,0,1.0,0.45151654940088964,0.0,0.4182767318443087,1.0,0.3218778051498301,0.0,0
1,1,1,0,1.0,0.1979071209291267,0.551678611844587,0.42220729446698224,1.0,0.0,0.34763234377955765,0
1,1,1,0,0.0,0.2987980652257954,0.4722746133534515,0.5990826124872939,1.0,0.07645191797817574,1.0000000000000004,0
1,1,1,1,1.0,0.06562349533466884,0.998868351565447,0.6383882387140297,1.0,0.3218778051498301,0.0,1
1,0,1,0,1.0,0.46138846175868503,0.3611844586948321,0.7052078032994807,1.0,0.3218778051498301,1.0000000000000004,0
1,0,1,0,1.0,0.4128186529583318,0.0,0.44972123282569737,1.0,0.3218778051498301,0.0,1
0,0,0,0,1.0,0.21755222652113948,0.0,0.23747085120132355,1.0,0.3218778051498301,0.0,1
0,0,1,0,0.0,0.3455909298017454,0.0,0.27677647742805944,1.0,0.3218778051498301,0.34763234377955765,0
1,1,1,0,1.0,0.4245662286641083,0.0,0.4890268590524333,1.0,0.3218778051498301,1.0000000000000004,1
1,1,1,0,1.0,0.42772524061860284,0.03564692568841946,0.46544348331639174,1.0,0.07645191797817574,1.0000000000000004,1
1,1,0,0,1.0,0.19237885000876132,0.2746133534515277,0.21388747546528203,0.008790858371720608,1.0,0.34763234377955765,1
0,0,1,0,0.0,0.14716549141005855,0.33949453036589966,0.38290166824024635,1.0,0.3218778051498301,1.0000000000000004,0
1,1,1,1,1.0,1.0000000000000002,0.0,1.0,1.0,0.07645191797817574,1.0000000000000004,1
1,1,1,0,1.0,0.44983832430006443,0.0,0.3711099803722256,1.0,1.0,0.34763234377955765,0
1,1,1,0,1.0,0.7476739201347505,0.0,0.713068928544828,1.0,1.0,0.34763234377955765,1
1,1,1,0,1.0,6.762219181668475e-06,0.0,0.5126102347884749,1.0,0.3218778051498301,0.34763234377955765,1
1,1,0,0,1.0,0.3618795851921077,0.04564315352697095,0.4025544813536143,1.0,1.0,1.0000000000000004,1
1,1,1,0,1.0,0.3051160891347844,0.2640513013956997,0.42220729446698224,1.0,1.0,0.34763234377955765,1
1,0,1,0,1.0,0.8447148186118789,0.0,0.8034718688663205,1.0,0.3218778051498301,0.34763234377955765,1
1,1,0,0,0.0,0.2609886408954391,0.2829121086382497,0.42220729446698224,0.007367905495194516,0.0,0.0,0
1,1,1,0,1.0,0.3945556150964104,0.2878159185213127,0.6383882387140297,1.0,1.0,0.34763234377955765,1
1,1,0,0,1.0,0.6037414379580941,0.3064881176914372,0.713068928544828,0.01010230503738541,1.0,1.0000000000000004,0
1,1,1,1,1.0,4.5634305011499256e-05,0.1912485854394568,0.5676381115059052,1.0,1.0,0.0,1
1,1,0,1,1.0,0.6999925834465989,0.0,0.46937404593906534,0.004325050114511051,0.07645191797817574,0.34763234377955765,1
1,0,1,0,1.0,0.17678122848344463,0.22878159185213126,0.16279016137052538,1.0,0.3218778051498301,0.34763234377955765,1
1,1,1,0,1.0,3.329344110458959e-05,0.0,0.0019512762698618395,1.0,0.3218778051498301,1.0000000000000004,1
1,1,1,0,1.0,0.5745205773790198,0.0,0.5204713600338221,1.0,0.3218778051498301,0.0,1
0,1,1,1,0.0,0.5420419857218731,0.0,0.39076279348559356,1.0,0.3218778051498301,0.0,0
1,1,1,0,0.0,0.714800451983292,0.3144096567333082,0.4104156065989615,1.0,0.0,0.34763234377955765,0
1,1,1,0,1.0,0.561292214819574,0.7859298377970577,0.6659021770727449,1.0,0.3218778051498301,1.0000000000000004,1
0,0,1,0,1.0,0.37550282424586534,0.0,0.43399898233500306,0.007367905495194516,0.3218778051498301,0.34763234377955765,1
1,1,1,0,1.0,0.94066980672965,0.0,0.713068928544828,1.0,0.0,0.34763234377955765,1
1,1,1,0,1.0,3.191387579120318e-06,0.0,0.0006395295878915512,1.0,0.0,0.34763234377955765,1
1,1,1,0,1.0,0.4746168243181308,0.17408525084873633,0.44972123282569737,0.007367905495194516,0.3218778051498301,0.34763234377955765,1
1,1,0,0,1.0,0.1958340193339897,0.3064881176914372,0.42220729446698224,0.007367905495194516,1.0,1.0000000000000004,1
1,1,0,0,1.0,0.3281176449284476,0.37721614485099964,0.36717941774955204,1.0,1.0,1.0000000000000004,1
0,1,1,0,1.0,0.3569436290132101,0.0,0.4025544813536143,1.0,0.3218778051498301,1.0000000000000004,1
1,0,1,0,1.0,0.4033416170948483,0.6501320256506978,0.5715686741285787,1.0,0.3218778051498301,0.0,1
0,1,1,0,1.0,0.4597102366578598,0.0,0.5086796721658012,1.0,0.0,0.34763234377955765,1
1,1,1,0,1.0,0.45319477450171486,0.0,0.2649847895600387,0.007367905495194516,0.3218778051498301,1.0000000000000004,1
1,0,0,0,0.0,0.5958439080718578,0.0,0.43006841971232945,1.0,0.3218778051498301,0.0,0
0,0,1,0,1.0,0.33650877043257366,0.0,0.5086796721658012,1.0,0.3218778051498301,0.0,0
1,1,1,0,1.0,0.8217132628182158,0.0,0.9449721232825696,1.0,1.0,1.0000000000000004,1
1,1,1,0,1.0,0.6234852626736849,0.0,0.6659021770727449,1.0,0.0,1.0000000000000004,1
1,1,1,0,1.0,0.3647424397758684,0.37721614485099964,0.44972123282569737,1.0,0.3218778051498301,0.0,1
1,0,0,0,1.0,0.2508205711669099,0.3851376838928706,0.47330460856173895,1.0,0.3218778051498301,0.0,1
1,1,1,0,1.0,5.588355752293825e-05,0.0,0.0024884776856754637,1.0,0.0,0.34763234377955765,0
1,1,1,1,1.0,0.09780592962108173,0.5699735948698604,0.4104156065989615,1.0,0.0,0.34763234377955765,0
0,0,0,0,0.0,0.17974280219078326,0.0,0.4811657338070861,1.0,0.07645191797817574,0.34763234377955765,0
1,1,1,0,1.0,0.290999254463137,0.0,0.2964292905414274,1.0,1.0,1.0000000000000004,1
0,0,1,0,1.0,0.40620447167860896,0.0,0.43006841971232945,1.0,0.3218778051498301,1.0000000000000004,1
1,1,1,0,1.0,0.3867568043337521,0.15088645794039984,0.4182767318443087,1.0,0.3218778051498301,1.0000000000000004,1
1,1,1,0,1.0,0.47886174663198283,0.15654470011316485,0.46937404593906534,1.0,0.3218778051498301,1.0000000000000004,1
1,1,0,0,1.0,0.23601270263021681,0.7167106752168992,0.4811657338070861,0.007367905495194516,0.3218778051498301,0.34763234377955765,0
1,0,1,0,1.0,0.2394678719554452,0.0,0.2728459148053859,1.0,0.3218778051498301,0.34763234377955765,0
1,1,1,1,1.0,0.5189417108046319,0.33459072048283667,0.713068928544828,1.0,0.07645191797817574,1.0000000000000004,1
1,1,1,0,1.0,0.7959475715643699,0.04526593738211995,0.9724860616412848,1.0,0.0,0.34763234377955765,1
1,0,1,0,1.0,0.8628791373502225,0.7859298377970577,0.0005889750308726502,1.0,0.3218778051498301,0.0,0
1,1,1,0,1.0,0.6160813284053384,0.0016296294584213923,0.7169994911675015,0.007367905495194516,1.0,1.0000000000000004,1
1,1,1,0,1.0,1.2030212845603452e-05,0.0,0.713068928544828,0.007367905495194516,1.0,0.34763234377955765,1
1,1,1,0,1.0,0.2965275253835024,0.5720482836665409,0.3514571672588577,0.008790858371720608,0.3218778051498301,0.34763234377955765,1
1,1,1,0,1.0,0.6045311909467177,0.7367031308940023,0.0007874051826102235,1.0,0.3218778051498301,0.34763234377955765,1
0,1,1,0,1.0,0.3610898322034841,0.27517917766880423,0.5440547357698636,1.0,0.3218778051498301,1.0000000000000004,1
1,1,0,1,1.0,0.5620819678081976,0.0,0.4890268590524333,1.0,0.07645191797817574,0.0,1
1,1,1,1,1.0,0.3396677823870682,0.3921161825726141,0.6148048629779882,1.0,0.0,1.0000000000000004,1
1,1,1,0,1.0,8.165876275759089e-05,0.0,0.0013077208003358792,1.0,0.07645191797817574,0.0,1
1,1,1,0,1.0,0.27056439588250064,0.34741606940777064,0.43006841971232945,1.0,0.0,1.0000000000000004,1
0,0,1,1,1.0,0.7336558045866811,0.0,0.740582866903543,1.0,0.3218778051498301,0.0,0
1,0,1,0,1.0,0.6685999021488097,0.0,0.4811657338070861,1.0,0.3218778051498301,0.34763234377955765,0
1,1,1,1,0.0,0.8545867309696743,0.9398340248962656,0.001370779307185134,1.0,0.0,0.0,0
1,1,1,0,1.0,0.17875561095500372,0.32421727649943416,0.3711099803722256,1.0,0.3218778051498301,0.34763234377955765,1
1,1,1,1,1.0,0.7837064002407036,0.0016743195843066615,0.0023283511593375807,1.0,1.0,0.0,1
1,0,1,0,1.0,7.67898519979111e-06,0.0,0.7484439921488902,1.0,0.0,1.0000000000000004,0
1,1,0,0,1.0,0.2035341109730701,0.14221048660882685,0.34752660463618407,0.01010230503738541,0.07645191797817574,1.0000000000000004,1
1,1,0,0,1.0,0.35457437004733916,0.2998868351565447,0.4811657338070861,1.0,1.0,0.0,1
1,0,1,0,1.0,0.24845131220103897,0.3362881931346662,0.5479852983925372,1.0,0.3218778051498301,0.0,1
1,0,0,0,1.0,0.7229941392402621,0.0,0.44972123282569737,1.0,0.3218778051498301,0.0,0
1,0,1,1,1.0,0.5090697984468365,0.0,0.4811657338070861,1.0,0.3218778051498301,1.0000000000000004,1
0,0,1,1,1.0,0.7346429958224606,0.0,0.4811657338070861,1.0,0.0,1.0000000000000004,1
1,1,0,0,0.0,0.2900120632273575,0.3138438325160317,0.2531931016920179,0.007367905495194516,0.07645191797817574,0.34763234377955765,0
1,1,1,0,1.0,0.3660257883823818,0.0,0.44972123282569737,1.0,1.0,1.0000000000000004,1
1,1,1,0,1.0,0.6447098742429449,0.0,0.7838190557529525,1.0,1.0,1.0000000000000004,1
1,1,1,0,1.0,0.36592706925880386,0.0,0.14313734825715746,0.007367905495194516,0.3218778051498301,0.0,1
1,0,1,0,1.0,0.5238776669835297,0.0,0.5126102347884749,1.0,0.3218778051498301,0.34763234377955765,1
1,1,0,0,1.0,0.3756015433694433,0.2797057714070162,0.46544348331639174,0.008790858371720608,0.3218778051498301,1.0000000000000004,1
1,1,1,0,1.0,0.23986274844975702,0.6286307053941909,0.48509629642975965,1.0,0.3218778051498301,0.0,1
0,0,0,0,1.0,0.19287244562665107,0.0,0.18637353710656696,1.0,0.3218778051498301,1.0000000000000004,1
0,0,1,0,1.0,0.416668698777872,0.0,0.4182767318443087,1.0,0.3218778051498301,1.0000000000000004,0
1,1,1,0,1.0,0.23601270263021681,0.0,0.2728459148053859,1.0,0.3218778051498301,0.34763234377955765,1
1,0,1,0,1.0,1.8079205536026296e-05,0.5658242172764995,0.0007387288624028203,1.0,0.07645191797817574,0.0,0
0,0,1,0,1.0,0.4479626609520833,0.0,0.43006841971232945,1.0,0.3218778051498301,1.0000000000000004,1
1,1,1,1,1.0,0.5338482984649029,0.7913994718973972,2.9442554317343078e-05,1.0,1.0,0.34763234377955765,1
0,0,0,0,1.0,0.18734417470628567,0.446058091286307,0.44972123282569737,1.0,0.3218778051498301,0.34763234377955765,1
1,1,1,0,1.0,0.3692835194604543,0.0,0.43399898233500306,1.0,0.0,1.0000000000000004,1
1,1,1,0,0.0,0.244206389887187,0.4651075066012825,0.3318043541454897,0.007367905495194516,0.3218778051498301,0.0,1
1,1,0,0,1.0,0.3926799517484293,0.26612599019238026,0.5951520498646202,1.0,1.0,0.0,1
1,1,1,0,1.0,0.9373133565279995,0.0,0.00014505567209681033,1.0,0.07645191797817574,0.0,1
0,1,1,0,1.0,0.41173274259897436,0.43493021501320256,0.69341611543146,1.0,0.3218778051498301,1.0000000000000004,1
1,1,1,0,1.0,0.25575652734580756,0.6601282534892493,0.43006841971232945,1.0,0.3218778051498301,0.34763234377955765,1
1,1,0,0,1.0,0.39889925653384034,1.0,0.5204713600338221,1.0,0.0,0.0,0
0,1,1,1,0.0,9.848532863449347e-06,0.0,0.0002986673658173754,1.0,0.0,0.34763234377955765,0
1,0,1,0,0.0,0.410350674868883,0.0,0.36324885512687843,1.0,0.3218778051498301,1.0000000000000004,0
1,1,1,0,1.0,0.29524417677698905,0.6442851754055073,0.19816522497458772,0.007367905495194516,0.3218778051498301,1.0000000000000004,1
1,1,1,0,1.0,0.39277867087200724,0.0,0.17458184923854614,0.008168889902599907,0.0,0.34763234377955765,1
1,1,0,0,1.0,0.2870504895200189,0.1010939268200679,0.23747085120132355,1.0,0.3218778051498301,0.0,0
1,1,0,0,1.0,0.5946592785889224,0.0,0.606943737732641,1.0,0.3218778051498301,0.34763234377955765,0
1,0,1,1,1.0,0.6308891969420314,0.0,0.7641662426395845,1.0,0.3218778051498301,0.0,1
0,1,0,0,1.0,0.18941727630142272,0.3100716710675217,0.3711099803722256,1.0,0.3218778051498301,1.0000000000000004,1
1,1,0,0,0.0,0.35171151546357854,0.7759336099585062,0.5754992367512523,1.0,0.3218778051498301,0.0,0
0,0,1,0,1.0,0.06276064075090818,0.6946435307431158,0.42220729446698224,0.01010230503738541,0.3218778051498301,0.0,1
1,1,1,0,1.0,0.21755222652113948,0.21218408147868728,0.4811657338070861,1.0,0.3218778051498301,0.34763234377955765,1
0,1,0,0,0.0,0.21123420261215045,0.6105243304413429,0.6776938649407657,1.0,0.3218778051498301,1.0000000000000004,0
0,1,1,0,1.0,0.9909178406308283,0.0,0.4811657338070861,0.008168889902599907,0.3218778051498301,1.0000000000000004,1
1,1,1,0,1.0,0.5620819678081976,0.0,0.4811657338070861,1.0,0.07645191797817574,0.34763234377955765,1
1,1,1,0,1.0,0.6166736431468061,0.0,0.606943737732641,1.0,0.3218778051498301,0.34763234377955765,1
1,1,1,0,1.0,0.9199387907782797,0.0,0.7169994911675015,0.007367905495194516,0.3218778051498301,0.0,1
1,1,1,0,1.0,0.49268242393289635,0.6916258015843078,0.9056664970558338,1.0,1.0,1.0000000000000004,1
1,0,1,0,1.0,0.29326979430543,0.3928706148623161,0.44972123282569737,1.0,0.3218778051498301,0.0,1
1,1,1,0,1.0,0.46800264303840794,0.44002263296869104,0.4890268590524333,1.0,0.3218778051498301,0.34763234377955765,1
1,0,1,0,1.0,0.4823169159572112,0.0,0.3789711056175728,1.0,0.3218778051498301,1.0000000000000004,1
0,0,1,1,0.0,0.45151654940088964,0.0,0.5008185469204541,1.0,0.3218778051498301,1.0000000000000004,0
1,1,1,0,1.0,0.5992990773970862,0.484534138061109,0.69341611543146,1.0,0.3218778051498301,0.0,0
1,0,1,0,0.0,0.5049235952565625,0.0,0.46544348331639174,1.0,0.3218778051498301,0.0,0
1,1,0,0,1.0,0.30343786403395917,0.40890230101848357,0.47330460856173895,1.0,1.0,0.34763234377955765,1
1,1,1,0,1.0,0.3757989816165992,0.14221048660882685,0.606943737732641,1.0,0.3218778051498301,0.34763234377955765,1
1,1,0,0,1.0,0.3791554318182496,0.1854017351942663,0.3711099803722256,1.0,0.07645191797817574,1.0000000000000004,1
1,0,1,1,1.0,0.6725486670919278,0.0,0.5322630479018429,1.0,0.3218778051498301,0.0,1
1,0,1,1,1.0,0.7066067647263218,0.0,0.4811657338070861,1.0,0.3218778051498301,0.34763234377955765,1
0,0,1,0,1.0,0.3596090453498148,0.0,0.3514571672588577,1.0,0.0,1.0000000000000004,1
1,0,1,1,1.0,6.529053692779971e-05,0.0,0.003517905955162149,0.01010230503738541,0.3218778051498301,0.34763234377955765,1
1,0,1,0,1.0,0.1892198380542668,0.34911354205960016,0.17458184923854614,1.0,0.3218778051498301,1.0000000000000004,1
1,1,1,0,1.0,0.25822450543525644,0.0016485282402738236,0.713068928544828,1.0,0.3218778051498301,0.0,1
1,1,0,0,1.0,0.4137071250705334,0.2697095435684647,0.48509629642975965,1.0,1.0,0.0,0
1,1,1,0,0.0,0.42683676850640123,0.34156921916258015,0.606943737732641,1.0,0.07645191797817574,0.34763234377955765,1
1,1,1,1,1.0,0.25348598750351464,0.7072802715956242,0.5754992367512523,1.0,0.3218778051498301,0.0,1
1,0,1,0,1.0,0.27875808313947076,0.35024519049415315,0.47330460856173895,1.0,0.3218778051498301,0.0,1
0,1,1,0,1.0,0.45151654940088964,0.0,0.3082209784094482,1.0,0.3218778051498301,0.0,0
1,1,0,0,1.0,0.25575652734580756,0.3206337231233497,0.3986239187309407,1.0,0.3218778051498301,0.0,1
1,1,1,0,1.0,3.607651367363077e-05,0.0,0.00048587239496540244,1.0,0.07645191797817574,0.0,1
1,1,0,0,1.0,0.24687180622379173,0.3740098076197661,0.5283324852791692,0.007367905495194516,0.0,0.34763234377955765,0
1,1,1,0,1.0,0.9194451951603899,0.0,0.2728459148053859,0.007367905495194516,0.3218778051498301,0.34763234377955765,1
1,1,0,0,1.0,0.39317354736631904,0.0,0.4811657338070861,0.007367905495194516,0.07645191797817574,0.34763234377955765,0
1,0,0,0,1.0,0.363459091169355,0.0,0.4104156065989615,1.0,0.3218778051498301,0.0,1
1,1,1,1,0.0,9.908325759386142e-07,0.7261410788381742,0.606943737732641,0.007367905495194516,0.0,0.34763234377955765,0
0,0,0,0,1.0,0.5115377765362854,0.0,0.4968879842977804,1.0,0.0,1.0000000000000004,1
0,0,1,0,1.0,0.3704681489433897,0.3142210486608827,0.5086796721658012,1.0,0.3218778051498301,0.0,1
1,1,1,0,1.0,0.26641819269222655,0.22010562052055826,0.35931829250420483,1.0,1.0,1.0000000000000004,1
1,1,1,1,1.0,4.3184873443215255e-05,0.0,1.0,1.0,0.3218778051498301,0.34763234377955765,1
0,0,1,0,1.0,0.040153961451556794,0.002006316244267133,0.0010899053743019319,0.007367905495194516,0.07645191797817574,0.34763234377955765,0
0,0,1,1,1.0,0.2458846149880122,0.0,0.34359604201351046,1.0,0.3218778051498301,0.34763234377955765,1
1,0,0,0,1.0,0.6686986212723877,0.0,0.4890268590524333,1.0,0.3218778051498301,1.0000000000000004,1
1,1,1,0,1.0,0.9569584621200122,0.0,0.4182767318443087,1.0,1.0,0.34763234377955765,1
1,1,1,0,1.0,0.7471803245168608,0.19049415314975482,0.6659021770727449,1.0,0.3218778051498301,1.0000000000000004,1
1,1,0,0,1.0,0.312322585155975,0.0,0.2689153521827123,1.0,0.07645191797817574,1.0000000000000004,1
1,1,1,0,1.0,0.5173622048273847,0.0,0.34752660463618407,1.0,0.07645191797817574,0.34763234377955765,0
1,1,1,0,1.0,0.2343344775293916,0.6288193134666163,0.654110489204724,1.0,0.3218778051498301,1.0000000000000004,1
1,0,1,1,0.0,7.584298736848342e-08,0.0,0.713068928544828,1.0,0.3218778051498301,0.34763234377955765,0
0,0,1,1,1.0,0.8504405277794003,0.0,0.5676381115059052,1.0,0.0,1.0000000000000004,1
1,1,0,0,1.0,0.25407830224498235,0.44473783477932854,0.44972123282569737,1.0,0.3218778051498301,0.34763234377955765,1
1,0,1,0,1.0,0.5731385096489285,0.6914371935118823,0.000626951776765923,1.0,0.3218778051498301,0.0,0
1,1,1,0,0.0,0.48725287213610885,0.0,0.4811657338070861,1.0,0.0,0.0,0
1,0,1,0,1.0,0.2674053839280061,0.0,0.2531931016920179,1.0,0.3218778051498301,1.0000000000000004,1
1,1,0,0,1.0,0.42357903742832875,0.3798566578649566,0.740582866903543,1.0,0.3218778051498301,0.0,1
1,1,1,0,1.0,0.23601270263021681,0.4087136929460581,0.43006841971232945,1.0,0.3218778051498301,1.0000000000000004,1
1,0,1,0,1.0,0.46800264303840794,0.0,0.34752660463618407,1.0,0.3218778051498301,1.0000000000000004,1
1,1,0,0,1.0,0.30462249351689463,0.0,0.42220729446698224,1.0,0.07645191797817574,0.0,1
1,1,1,1,1.0,0.542338143092607,0.8468502451904941,0.2531931016920179,1.0,0.3218778051498301,1.0000000000000004,1
0,0,1,0,1.0,0.31864060906496405,0.0,0.09597059678507437,1.0,0.3218778051498301,0.34763234377955765,1
1,1,1,0,1.0,6.313287231714748e-05,0.993210109392682,0.0030025288839022717,1.0,0.3218778051498301,0.0,0
1,1,1,0,1.0,3.39680311532744e-05,0.3960769520935496,0.0005377617640393469,1.0,0.3218778051498301,0.0,0
1,0,1,1,1.0,0.6851847149099058,0.0,0.6659021770727449,0.007367905495194516,0.3218778051498301,1.0000000000000004,1
0,0,1,1,1.0,0.25575652734580756,0.3238400603545832,0.36717941774955204,0.008790858371720608,0.3218778051498301,1.0000000000000004,0
0,1,1,0,1.0,0.19958534602995193,0.30780837419841567,0.42220729446698224,0.01010230503738541,1.0,1.0000000000000004,1
1,1,1,0,1.0,0.32249065488450424,0.0912863070539419,0.5086796721658012,1.0,1.0,1.0000000000000004,1
1,1,1,0,1.0,0.895752605501681,0.0,0.8742219960744451,1.0,0.3218778051498301,1.0000000000000004,1
1,0,0,0,1.0,0.2710579915003904,0.0,0.23354028857865,0.008790858371720608,0.3218778051498301,0.0,0
1,1,1,0,1.0,0.3364100513089957,0.33006412674462465,0.7091383659221543,1.0,0.0,0.34763234377955765,1
1,0,1,0,1.0,0.4070929437908105,0.0,0.4575823580710446,1.0,0.3218778051498301,1.0000000000000004,1
1,1,1,0,1.0,0.25407830224498235,0.3989060731799321,0.44972123282569737,1.0,0.3218778051498301,0.34763234377955765,1
1,1,1,1,1.0,0.23551910701232706,0.0,0.4811657338070861,1.0,0.0,1.0000000000000004,1
1,1,0,0,1.0,0.17875561095500372,0.33364768012070917,0.3514571672588577,1.0,0.3218778051498301,0.0,1
0,0,1,0,1.0,0.23384088191150185,0.0,0.15885959874785183,1.0,0.3218778051498301,0.0,0
1,0,1,0,1.0,0.3281176449284476,0.0,0.2531931016920179,1.0,0.3218778051498301,0.34763234377955765,1
1,1,1,0,1.0,0.4044275274542058,0.0,0.13527622301181025,0.007367905495194516,0.07645191797817574,0.0,1
1,1,1,0,1.0,0.8218119819417937,0.0,0.606943737732641,1.0,0.3218778051498301,1.0000000000000004,0
1,0,0,0,1.0,0.14143978224253723,0.0,0.11562340989844232,1.0,0.3218778051498301,0.34763234377955765,0
1,1,1,0,1.0,0.7229941392402621,0.0017027723145949451,0.6659021770727449,0.008790858371720608,0.3218778051498301,0.0,1
1,1,1,0,0.0,0.5041338422679389,0.2736703130894002,0.626596550846009,1.0,0.3218778051498301,0.34763234377955765,0
0,0,0,0,1.0,0.43424070277474774,0.0,0.44972123282569737,1.0,0.3218778051498301,1.0000000000000004,1
1,0,1,0,1.0,0.352797425822936,0.0,0.3553877298815313,1.0,0.3218778051498301,0.34763234377955765,0
1,0,0,0,1.0,0.48132972472143165,0.0,0.16672072399319898,1.0,0.3218778051498301,0.0,1
1,1,0,0,0.0,0.29524417677698905,0.3142210486608827,0.3711099803722256,0.01010230503738541,0.3218778051498301,0.34763234377955765,0
1,1,1,0,0.0,0.2183419795097631,0.0,0.21388747546528203,1.0,0.3218778051498301,0.34763234377955765,0
0,0,1,0,1.0,0.410350674868883,0.0,0.15099847350250462,1.0,0.3218778051498301,1.0000000000000004,1
1,1,1,0,1.0,0.29850190785506153,0.27517917766880423,0.3514571672588577,1.0,0.3218778051498301,0.34763234377955765,1
1,1,1,0,1.0,0.3670129796181613,0.33477932855526216,0.49295742167510687,1.0,0.3218778051498301,1.0000000000000004,1
1,0,0,0,1.0,0.6127248782036879,0.0,0.5008185469204541,1.0,0.3218778051498301,0.0,0
1,1,1,0,0.0,0.00013289653685502828,0.0,0.0032037961921793506,0.007367905495194516,0.07645191797817574,1.0000000000000004,1
1,1,1,0,1.0,0.45566275259116373,0.538853262919653,0.4143461692216351,0.0,0.3218778051498301,0.34763234377955765,1
0,0,0,0,1.0,0.21281370858939772,0.0,0.2531931016920179,1.0,0.3218778051498301,1.0000000000000004,1
1,1,0,0,1.0,0.19237885000876132,0.4594492644285175,0.49295742167510687,1.0,0.0,0.0,1
1,1,1,0,1.0,0.3446037385659659,0.3144096567333082,0.42613785708965585,1.0,0.3218778051498301,1.0000000000000004,1
1,1,1,1,1.0,0.9194451951603899,0.001692063649849808,0.001412263202787676,0.008790858371720608,1.0,0.0,1
1,1,1,0,1.0,0.3195290811771656,0.26725763862693325,0.5204713600338221,1.0,0.3218778051498301,1.0000000000000004,1
1,1,1,0,1.0,0.344307581195232,0.37042625424368164,0.43399898233500306,1.0,0.3218778051498301,0.0,1
0,0,1,0,1.0,0.28537226441919367,0.0,0.2571236643146915,1.0,0.3218778051498301,0.0,1
1,1,1,0,1.0,0.3281176449284476,0.6129762353828744,0.5990826124872939,1.0,0.0,0.34763234377955765,1
1,1,1,0,1.0,0.8628791373502225,0.942285929837797,0.4890268590524333,1.0,0.07645191797817574,0.0,1
1,1,0,0,1.0,0.3304869038943185,0.5392304790645039,0.5440547357698636,1.0,1.0,0.34763234377955765,1
1,1,1,0,1.0,0.5388829737673786,0.1946435307431158,0.08024834629438002,1.0,0.0,1.0000000000000004,1
1,1,1,0,1.0,0.17500428425904146,0.4209732176537156,0.3986239187309407,1.0,0.0,0.0,1
1,1,1,1,1.0,0.32643941982762237,0.6601282534892493,0.32394322890014254,1.0,1.0,0.34763234377955765,1
1,1,0,0,1.0,0.41252249558759796,0.0,0.43006841971232945,0.007367905495194516,0.3218778051498301,1.0000000000000004,1
0,1,1,1,1.0,6.189433585530142e-05,0.0,0.0032037961921793506,1.0,0.0,1.0000000000000004,1
1,1,1,0,1.0,0.25407830224498235,0.4394568087514146,0.46937404593906534,1.0,1.0,0.0,1
0,0,1,0,1.0,0.7098644958043943,0.0,0.44972123282569737,1.0,0.3218778051498301,0.0,1
1,1,1,0,1.0,0.5408573562389376,0.0,0.46937404593906534,1.0,0.3218778051498301,0.0,1
1,1,1,0,1.0,0.00011640757197420347,0.0,1.0,1.0,0.0,1.0000000000000004,0
1,1,1,0,1.0,0.31498800149257977,0.13202565069784986,0.2531931016920179,1.0,1.0,0.34763234377955765,1
1,1,1,1,1.0,0.9826254342502803,0.0,0.6855549901861128,1.0,0.3218778051498301,0.0,1
1,1,1,0,1.0,0.27540163293782033,0.4249339871746511,0.4575823580710446,1.0,0.3218778051498301,1.0000000000000004,1
1,1,1,0,1.0,0.46879239602703154,0.0,0.5990826124872939,0.01010230503738541,0.3218778051498301,1.0000000000000004,1
1,0,1,0,0.0,0.6407611092998268,0.0,0.39076279348559356,1.0,0.3218778051498301,0.0,0
1,1,1,0,1.0,0.20955597751132524,0.3000754432289702,0.3553877298815313,1.0,0.3218778051498301,1.0000000000000004,1
1,1,1,0,1.0,0.59140154751085,0.42436816295737456,0.0,1.0,0.3218778051498301,1.0000000000000004,0
0,1,0,0,1.0,0.29692240187781427,0.12504715201810637,0.3789711056175728,1.0,0.3218778051498301,1.0000000000000004,1
1,1,1,0,1.0,0.10027390771053056,0.523010184835911,0.4182767318443087,1.0,0.3218778051498301,0.0,1
1,0,1,0,1.0,0.24381151339287516,0.0,0.20995691284260848,1.0,0.3218778051498301,0.34763234377955765,1
1,1,0,0,0.0,0.3312766568829421,0.36156167483968316,0.4182767318443087,1.0,1.0,0.0,0
1,1,0,0,0.0,0.6008785833743334,0.0,0.8349163698477092,1.0,0.3218778051498301,0.0,0
0,0,1,0,1.0,0.3692835194604543,0.3928706148623161,0.44972123282569737,1.0,1.0,1.0000000000000004,1
1,1,1,1,1.0,0.7678126213446531,0.0,0.9213887475465281,1.0,0.0,0.34763234377955765,1
0,1,1,0,1.0,0.22910236397976008,0.8460958129007922,0.3711099803722256,1.0,0.3218778051498301,1.0000000000000004,1
1,0,1,0,0.0,0.21992148548701038,0.0,0.22567916333330285,0.01010230503738541,0.3218778051498301,1.0000000000000004,0
0,1,1,0,1.0,0.28823511900295434,0.44002263296869104,0.5244019226564957,1.0,0.3218778051498301,1.0000000000000004,1
0,0,1,0,1.0,0.3754041051222874,0.0,0.4182767318443087,1.0,0.0,0.0,1
0,0,1,0,1.0,0.3787605553239378,0.0,0.4143461692216351,1.0,0.3218778051498301,1.0000000000000004,1
1,1,1,1,0.0,0.6538907527356945,0.0,0.4811657338070861,1.0,1.0,0.0,0
0,0,1,1,1.0,4.094911378312743e-05,0.0,0.1942346623519141,1.0,0.3218778051498301,1.0000000000000004,1
0,0,0,0,0.0,0.267602822175162,0.0,0.2924987279187538,1.0,0.3218778051498301,0.34763234377955765,0
1,1,1,0,1.0,0.3881388720638434,0.44058845718596756,0.5047491095431277,1.0,0.3218778051498301,1.0000000000000004,1
1,1,1,0,1.0,0.24499614287581062,0.3874009807619766,0.38683223086291996,1.0,0.0,1.0000000000000004,1
1,1,1,0,1.0,4.6626883507236145e-05,0.0,0.4104156065989615,1.0,0.3218778051498301,1.0000000000000004,1
1,0,1,0,0.0,0.30136476243882215,0.3747642399094681,0.4143461692216351,0.007367905495194516,0.0,0.34763234377955765,0
1,1,1,0,1.0,0.23848068071966566,0.4413428894756696,0.54012417314719,1.0,0.3218778051498301,1.0000000000000004,1
1,1,0,0,1.0,0.48587080440601754,0.0,0.4811657338070861,1.0,0.07645191797817574,1.0000000000000004,0
1,1,1,0,1.0,0.45832816892776845,0.6757827235005658,0.4811657338070861,1.0,0.3218778051498301,1.0000000000000004,1
1,0,1,0,1.0,6.561796384016265e-05,0.0,0.0023283511593375807,1.0,0.3218778051498301,0.0,0
0,0,1,0,1.0,0.30343786403395917,0.0,0.980347186886632,1.0,0.07645191797817574,0.0,1
1,1,0,0,1.0,0.2603963261539714,0.2993210109392682,0.6580410518273977,1.0,0.07645191797817574,0.0,0
1,0,1,0,1.0,0.9040450118822291,0.0,0.7052078032994807,1.0,0.07645191797817574,0.0,1
1,0,1,0,1.0,0.20244820061371258,0.41663523198792907,0.5047491095431277,1.0,0.3218778051498301,1.0000000000000004,1
0,0,1,0,1.0,0.0,0.0,0.9960694373773264,1.0,0.3218778051498301,0.34763234377955765,1
1,1,1,0,1.0,0.586959186949842,0.0016286597489720488,0.0006770233153359645,1.0,0.0,0.34763234377955765,1
1,1,1,0,1.0,0.274019565207729,0.3802338740098076,0.4104156065989615,1.0,0.3218778051498301,0.0,1
1,1,1,0,1.0,0.1776697005956462,0.35231987929083364,0.3318043541454897,1.0,0.3218778051498301,0.34763234377955765,1
1,1,0,0,0.0,0.5208173741526131,0.2697095435684647,0.6108743003553146,1.0,0.0,1.0000000000000004,1
1,1,1,0,1.0,9.133517105603273e-06,0.2123726895511128,0.8624303082064243,1.0,1.0,0.34763234377955765,1
1,1,1,0,1.0,0.3651373162701802,0.484534138061109,0.6580410518273977,1.0,0.3218778051498301,0.34763234377955765,0
1,1,1,0,1.0,0.20471874045600552,0.5941154281403244,0.4811657338070861,1.0,0.3218778051498301,1.0000000000000004,1
1,1,1,1,1.0,0.29524417677698905,0.0,0.23747085120132355,1.0,0.3218778051498301,0.34763234377955765,1
0,0,1,0,0.0,0.42357903742832875,0.0,0.5126102347884749,1.0,0.3218778051498301,1.0000000000000004,0
1,1,1,0,1.0,0.4968286271231704,0.3928706148623161,0.7052078032994807,1.0,1.0,0.0,0
0,0,1,0,0.0,0.5338482984649029,0.0,0.54012417314719,0.01010230503738541,0.3218778051498301,0.34763234377955765,0
1,1,1,0,0.0,0.35417949355302736,0.4068276122218031,0.4457906702030238,1.0,0.3218778051498301,0.0,0
1,1,1,0,1.0,0.21765094564471746,0.26367408525084873,0.3121515410321218,1.0,0.0,0.34763234377955765,1
1,1,0,0,1.0,0.48152716296858755,0.0,0.5008185469204541,1.0,0.3218778051498301,0.0,0
1,1,1,0,1.0,0.7790666014325398,0.34571859675594113,0.6855549901861128,1.0,0.3218778051498301,0.0,1
1,1,1,0,1.0,0.3281176449284476,0.47152018106374954,0.4811657338070861,1.0,0.3218778051498301,1.0000000000000004,1
1,1,1,0,1.0,0.5585280793593913,0.5030177291588079,0.6855549901861128,1.0,0.3218778051498301,0.0,1
0,0,1,0,0.0,0.410350674868883,0.0,0.43399898233500306,1.0,0.3218778051498301,1.0000000000000004,0
1,1,1,0,1.0,0.31054564093157183,0.33553376084496417,0.5283324852791692,1.0,0.0,1.0000000000000004,1
1,1,1,1,1.0,0.45151654940088964,0.3928706148623161,0.606943737732641,1.0,1.0,1.0000000000000004,1
0,0,1,0,0.0,0.3130136190210207,0.0,0.2571236643146915,1.0,0.3218778051498301,0.34763234377955765,0
1,0,1,0,1.0,0.32031883416578927,0.0,0.17458184923854614,1.0,0.3218778051498301,0.34763234377955765,1
1,0,1,0,1.0,1.4049623051156485e-05,0.0,0.6226659882233354,1.0,0.3218778051498301,1.0000000000000004,0
1,1,1,0,1.0,0.8217132628182158,0.5973217653715579,0.626596550846009,1.0,1.0,0.0,1
